RecordName,x_start,y_start,x_end,y_end
Generation0_Scenario1,586541.9378679814,4141155.4711297792,586743.3776559414,4141019.9290806386