RecordName,ObsNum,AVG_OBS2ADC_Distance,Speed_Below_Limit,ADC2LaneBound_Distance,FastAccl,HardBrake
Generation0_Scenario1,9,838.7959581598998,-0.3782445869462556,0.588828525850444,2.0,-4.397043930274267
Generation0_Scenario2,13,754.0563622734966,38.66207256587213,0.2580708467052198,2.0,0.0
Generation0_Scenario3,12,986.4704729304855,37.12321014874808,0.0034343332329402946,1.9846643077508226,-0.026382782952392814
Generation0_Scenario4,6,1149.945960256707,36.71885084490505,0.16821841542662225,2.0,-0.29603461940706266
Generation0_Scenario5,6,590.7898223459088,37.63978501278965,8.542888582895764e-05,4.0,-4.0
Generation0_Scenario6,11,1245.4626434107206,56.69092754772961,9223372036854775807,1.9800165019512017,-0.9129952851923646
Generation0_Scenario7,12,1054.8993690335883,64.55702694340661,0.24570946304049818,2.0,-0.04885403798515623
