RecordName,ObsNum,P,B,V,AVG_OBS2ADC_Distance,Speed_Below_Limit,ADC2LaneBound_Distance,FastAccl,HardBrake
Generation0_Scenario1,4,1792.3134328889175,27.386037167290574,9223372036854775807,-1,9223372036854775807
Generation0_Scenario2,14,1024.2404178264828,25.427277766406917,1.770731432919007,2.0,0.0
Generation0_Scenario3,6,966.6127346496046,61.148500561494636,0.554522052885773,2.0,0.0
Generation0_Scenario4,8,506.485907160687,32.41581833032174,1.07782887228609,2.0,-0.16897389411128866
